{
  "type": "pose_relative_transform",
  "version": "2.0",
  "source_a": "Root.001",
  "source_b": "Root",
  "description": "Root.001 -> Root",
  "bone_count": 12,
  "transforms": {
    "Bip001_R_Finger01": [
      0.9458731412887573,
      0.21563006937503815,
      0.04200267791748047,
      -0.2388790100812912
    ],
    "Bip001_L_UpperArm": [
      0.911403477191925,
      -0.4111369252204895,
      -0.016116181388497353,
      0.007129869889467955
    ],
    "Bip001_L_Finger01": [
      0.9392859935760498,
      -0.23438966274261475,
      -0.04272891581058502,
      -0.24693600833415985
    ],
    "Bip001_R_Finger2": [
      0.9993909597396851,
      0.0010365467751398683,
      -0.00024331826716661453,
      -0.034882839769124985
    ],
    "Bip001_L_Finger1": [
      0.9987749457359314,
      -0.03469468653202057,
      -0.00046270809252746403,
      -0.03528445586562157
    ],
    "Bip001_R_Finger3": [
      0.9975852370262146,
      -0.06051788106560707,
      -0.001534034265205264,
      -0.03404594212770462
    ],
    "Bip001_R_Finger4": [
      0.994972288608551,
      -0.09434577822685242,
      -0.002242760034278035,
      -0.03352898359298706
    ],
    "Bip001_R_UpperArm": [
      0.911403238773346,
      0.4111368656158447,
      0.01611497811973095,
      0.00713310856372118
    ],
    "Bip001_L_Finger4": [
      0.9946043491363525,
      0.09816759824752808,
      0.002324300818145275,
      -0.0334683358669281
    ],
    "Bip001_R_Finger1": [
      0.9989769458770752,
      0.028371915221214294,
      0.0003298334195278585,
      -0.035213228315114975
    ],
    "Bip001_L_Finger3": [
      0.9977217316627502,
      0.05820352956652641,
      0.001486352295614779,
      -0.03408116474747658
    ],
    "Bip001_L_Finger2": [
      0.9993700981140137,
      0.007043781690299511,
      0.0004133600741624832,
      -0.03478104993700981
    ]
  }
}