{
  "type": "pose_relative_transform",
  "version": "2.0",
  "source_a": "5556372446766824087_skeleton.002",
  "source_b": "5556372446766824087_skeleton.004",
  "description": "5556372446766824087_rig.004 -> 5556372446766824087_rig.002",
  "bone_count": 28,
  "transforms": {
    "l_index_finger1": [
      0.9979548454284668,
      0.020968608558177948,
      -0.04297467693686485,
      0.04241988807916641
    ],
    "r_middle_finger1": [
      0.9956347346305847,
      -0.017896460369229317,
      -0.08992644399404526,
      -0.017444537952542305
    ],
    "r_thigh": [
      -0.9977874755859375,
      -0.008664049208164215,
      -0.0634102076292038,
      0.018010102212429047
    ],
    "l_middle_finger1": [
      0.9967052340507507,
      0.016025114804506302,
      -0.07670274376869202,
      0.020936936140060425
    ],
    "l_middle_finger2": [
      0.9910675287246704,
      0.03758532181382179,
      -0.12771812081336975,
      0.00778555404394865
    ],
    "r_shoulder": [
      0.9588197469711304,
      0.13082005083560944,
      -0.2520183324813843,
      -0.006134157534688711
    ],
    "r_elbow": [
      0.9396924376487732,
      -0.018364515155553818,
      0.010617604479193687,
      -0.3413621783256531
    ],
    "l_pinky_finger2": [
      0.9866657257080078,
      -0.029045045375823975,
      -0.16012266278266907,
      0.002814806764945388
    ],
    "l_ring_finger2": [
      0.9890157580375671,
      -2.6808702386915684e-05,
      -0.14595428109169006,
      -0.023357443511486053
    ],
    "l_thigh": [
      -0.997787356376648,
      0.01138807088136673,
      0.06550254672765732,
      -1.4901161193847656e-08
    ],
    "r_index_finger1": [
      0.9988504648208618,
      -0.01304401084780693,
      -0.04539291560649872,
      -0.00819423794746399
    ],
    "l_hand_twist": [
      0.9914448857307434,
      0.005742707289755344,
      -0.1303992122411728,
      0.00039199282764457166
    ],
    "l_shoulder": [
      0.9588197469711304,
      -0.13082098960876465,
      -0.2520183324813843,
      0.006137158256024122
    ],
    "l_pinky_finger1": [
      0.9994866251945496,
      0.0034928731620311737,
      -0.0004506222903728485,
      0.03184393420815468
    ],
    "r_hand": [
      0.9914448857307434,
      -0.005741673056036234,
      -0.1290501356124878,
      0.018713267520070076
    ],
    "l_ring_finger1": [
      0.9911283254623413,
      0.0384378507733345,
      -0.08479375392198563,
      0.0948520079255104
    ],
    "l_thumb_finger1": [
      0.9972842931747437,
      -0.018914002925157547,
      -0.0010352283716201782,
      -0.07117043435573578
    ],
    "r_pinky_finger1": [
      0.9871771335601807,
      -0.02648518607020378,
      -0.15355247259140015,
      -0.034666139632463455
    ],
    "r_ring_finger1": [
      0.9938130974769592,
      -0.02731911838054657,
      -0.0942433625459671,
      -0.05203208699822426
    ],
    "l_hand": [
      0.9914448261260986,
      0.0057426332496106625,
      -0.13039925694465637,
      0.00039197507430799305
    ],
    "l_elbow": [
      0.9396926760673523,
      0.017301619052886963,
      0.007398379500955343,
      0.34150224924087524
    ],
    "r_index_finger2": [
      0.9848076105117798,
      -0.05682023987174034,
      -0.1593538075685501,
      -0.039134860038757324
    ],
    "r_foot": [
      0.9975640773773193,
      0.011750154197216034,
      -0.0680600106716156,
      0.009782716631889343
    ],
    "r_ring_finger2": [
      0.9890158176422119,
      0.0007072532898746431,
      -0.14779223501682281,
      0.002144668949767947
    ],
    "l_foot": [
      0.9975640773773193,
      -0.01420138031244278,
      0.06766131520271301,
      0.009281471371650696
    ],
    "r_middle_finger2": [
      0.9890158772468567,
      -0.01695450395345688,
      -0.14677304029464722,
      0.004225701093673706
    ],
    "r_hand_twist": [
      0.9914448857307434,
      -0.005741126835346222,
      -0.1290501207113266,
      0.01871335692703724
    ],
    "l_index_finger2": [
      0.984808087348938,
      0.056467048823833466,
      -0.1613025665283203,
      0.030758345499634743
    ]
  }
}