{
  "type": "pose_relative_transform",
  "version": "2.0",
  "source_a": "Armature Leon.002",
  "source_b": "Armature Leon.001",
  "description": "Armature Leon.002 -> Armature Leon.001",
  "bone_count": 40,
  "transforms": {
    "R_Hand_ThumbF_2": [
      0.9906145334243774,
      -0.016349755227565765,
      -0.05393056198954582,
      0.12452755123376846
    ],
    "R_Hand_Palm": [
      0.9862046241760254,
      0.12051233649253845,
      0.04947327822446823,
      0.10212565213441849
    ],
    "L_Hand_RingF_2": [
      0.9775670170783997,
      0.0028580832295119762,
      0.009340155869722366,
      0.21039775013923645
    ],
    "R_Hand_RingF_1": [
      0.985680341720581,
      0.07476197183132172,
      -0.12885156273841858,
      0.0790078192949295
    ],
    "R_Hand_IndexF_1": [
      0.9520366191864014,
      -0.039034344255924225,
      0.170728862285614,
      0.25090688467025757
    ],
    "R_Hand_PinkyF_3": [
      0.9998575448989868,
      0.00014062230184208602,
      0.015784412622451782,
      -0.0059833889827132225
    ],
    "R_Hand_PinkyF_1": [
      0.9416184425354004,
      0.17219723761081696,
      -0.2591789662837982,
      0.12856507301330566
    ],
    "L_Hand_IndexF_2": [
      0.9945722222328186,
      -0.0031083847861737013,
      -0.031100599095225334,
      0.09924323111772537
    ],
    "R_Hand_IndexF_3": [
      0.9975289702415466,
      -0.002912509720772505,
      -0.06652620434761047,
      0.02240407094359398
    ],
    "R_Hand_PinkyF_2": [
      0.9936056137084961,
      -0.00222435942851007,
      -0.019853465259075165,
      0.11112511157989502
    ],
    "R_Arm_Lower": [
      0.8241037726402283,
      -1.0234965230893067e-07,
      0.5664388537406921,
      -1.2142181704533073e-09
    ],
    "L_Leg_Upper": [
      0.999055802822113,
      -0.039879441261291504,
      0.008537333458662033,
      -0.014975558035075665
    ],
    "R_Leg_Upper": [
      -0.9990559220314026,
      -0.03987817466259003,
      -0.008536729961633682,
      -0.014976844191551208
    ],
    "L_Hand_IndexF_3": [
      0.9975283741950989,
      -0.0029134892392903566,
      -0.06653442233800888,
      0.022403214126825333
    ],
    "R_Hand_MiddleF_1": [
      0.9908005595207214,
      0.09111087024211884,
      0.015261353924870491,
      0.0988938957452774
    ],
    "R_Hand_RingF_2": [
      0.9775672554969788,
      0.0028551204595714808,
      0.009336714632809162,
      0.21039655804634094
    ],
    "L_Hand_ThumbF_3": [
      0.9959189891815186,
      -0.007135395891964436,
      0.026135727763175964,
      -0.08608978986740112
    ],
    "L_Hand_PinkyF_3": [
      0.9998576045036316,
      0.00014748003741260618,
      0.01578458957374096,
      -0.005973800551146269
    ],
    "R_Hand_MiddleF_3": [
      0.9988288879394531,
      -0.0011695700231939554,
      -0.035108406096696854,
      0.033267345279455185
    ],
    "L_Arm_Lower": [
      0.8241034150123596,
      -1.5324056334975467e-07,
      0.5664392113685608,
      1.7123362283655297e-07
    ],
    "R_Leg_Ankle": [
      0.9979627728462219,
      -0.06366191804409027,
      -0.0008488178718835115,
      0.004123052582144737
    ],
    "R_Hand_ThumbF_1": [
      0.9737072587013245,
      0.09908829629421234,
      0.02435973286628723,
      0.20367181301116943
    ],
    "L_Leg_Ankle": [
      0.9979627132415771,
      -0.06366235762834549,
      -0.0008490009931847453,
      0.0041227033361792564
    ],
    "R_Arm_Upper": [
      0.8882505297660828,
      -0.16871680319309235,
      -0.053738851100206375,
      0.42386043071746826
    ],
    "L_Arm_Upper": [
      0.8882508873939514,
      -0.1687203347682953,
      -0.05373964458703995,
      0.4238586723804474
    ],
    "L_Hand_PinkyF_2": [
      0.99360591173172,
      -0.00222701090388,
      -0.019850952550768852,
      0.11112220585346222
    ],
    "L_Hand_RingF_3": [
      0.9955257177352905,
      0.002191430889070034,
      0.00012385050649754703,
      0.09446562081575394
    ],
    "R_Hand_IndexF_2": [
      0.9945722818374634,
      -0.0031099473126232624,
      -0.0311006847769022,
      0.09924224764108658
    ],
    "L_Hand_MiddleF_1": [
      0.9908005595207214,
      0.09111001342535019,
      0.015262529253959656,
      0.09889458119869232
    ],
    "L_Hand_MiddleF_2": [
      0.9582196474075317,
      1.6258092728094198e-05,
      -6.490958639915334e-06,
      0.2860338091850281
    ],
    "L_Hand_RingF_1": [
      0.9856801629066467,
      0.07476256042718887,
      -0.12885284423828125,
      0.07900847494602203
    ],
    "R_Hand_MiddleF_2": [
      0.9582192897796631,
      1.563648402225226e-05,
      -7.285432275239145e-06,
      0.28603464365005493
    ],
    "L_Hand_MiddleF_3": [
      0.9988288283348083,
      -0.001170286093838513,
      -0.03511323779821396,
      0.03326738625764847
    ],
    "L_Hand_Palm": [
      0.9862045049667358,
      0.12051194906234741,
      0.04947450011968613,
      0.10212577134370804
    ],
    "R_Hand_ThumbF_3": [
      0.995919406414032,
      -0.007137486711144447,
      0.026130041107535362,
      -0.086086206138134
    ],
    "L_Hand_ThumbF_1": [
      0.9737069606781006,
      0.09908866882324219,
      0.02435932867228985,
      0.20367319881916046
    ],
    "L_Hand_PinkyF_1": [
      0.9416182041168213,
      0.1721942126750946,
      -0.259182333946228,
      0.12856458127498627
    ],
    "L_Hand_IndexF_1": [
      0.9520363211631775,
      -0.039034754037857056,
      0.17073121666908264,
      0.25090646743774414
    ],
    "L_Hand_ThumbF_2": [
      0.9906144738197327,
      -0.016355255618691444,
      -0.05392800644040108,
      0.12452787905931473
    ],
    "R_Hand_RingF_3": [
      0.9955252408981323,
      0.0021989860106259584,
      0.00013116202899254858,
      0.09447032958269119
    ]
  }
}