{
  "type": "pose_relative_transform",
  "version": "2.0",
  "source_a": "Armature Grace.001",
  "source_b": "Armature Grace",
  "description": "Armature Grace.001 -> Armature Grace",
  "bone_count": 34,
  "transforms": {
    "R_Hand_Palm": [
      0.9981784820556641,
      0.017987163737416267,
      0.04263540357351303,
      0.03870965167880058
    ],
    "L_Hand_RingF_2": [
      0.9452583193778992,
      0.006790150888264179,
      0.019603043794631958,
      0.32566291093826294
    ],
    "R_Hand_RingF_1": [
      0.9853482246398926,
      0.10589270293712616,
      -0.13106663525104523,
      -0.02640341781079769
    ],
    "R_Hand_IndexF_1": [
      0.9783032536506653,
      -0.09444990009069443,
      0.18438662588596344,
      -0.0018759469967335463
    ],
    "R_Hand_PinkyF_3": [
      0.9975497126579285,
      0.006103589199483395,
      0.03570288047194481,
      0.059853315353393555
    ],
    "R_Hand_PinkyF_1": [
      0.9047450423240662,
      0.24169622361660004,
      -0.31166157126426697,
      0.16089202463626862
    ],
    "L_Hand_IndexF_2": [
      0.9445886015892029,
      0.014184745959937572,
      0.04124785214662552,
      0.3253452777862549
    ],
    "R_Hand_IndexF_3": [
      0.9935170412063599,
      0.01043678168207407,
      0.004771790467202663,
      0.11310279369354248
    ],
    "R_Hand_PinkyF_2": [
      0.9692156910896301,
      0.008036588318645954,
      0.031924646347761154,
      0.24400211870670319
    ],
    "R_Arm_Lower": [
      0.9506089687347412,
      5.432090688373137e-08,
      0.3103909492492676,
      -3.4018043493233563e-07
    ],
    "L_Hand_IndexF_3": [
      0.9935171008110046,
      0.010437349788844585,
      0.004767989739775658,
      0.11310217529535294
    ],
    "R_Hand_MiddleF_1": [
      0.996282160282135,
      0.08557786047458649,
      0.006061283405870199,
      -0.00784521084278822
    ],
    "R_Hand_RingF_2": [
      0.9452577233314514,
      0.006791203748434782,
      0.019603947177529335,
      0.32566431164741516
    ],
    "L_Hand_PinkyF_3": [
      0.9975499510765076,
      0.006103010382503271,
      0.03570302203297615,
      0.05985092744231224
    ],
    "R_Hand_MiddleF_3": [
      0.9832546710968018,
      -8.551543473345191e-09,
      -1.0724060075517627e-06,
      0.18223631381988525
    ],
    "L_Arm_Lower": [
      0.9506091475486755,
      -1.8291684966698085e-07,
      0.31039080023765564,
      2.3370256485577556e-07
    ],
    "R_Hand_ThumbF_1": [
      0.9961947202682495,
      -1.993030309677124e-06,
      -6.984919309616089e-07,
      0.08715474605560303
    ],
    "R_Arm_Upper": [
      0.8697506189346313,
      -0.17432764172554016,
      0.02560114674270153,
      0.460964560508728
    ],
    "L_Arm_Upper": [
      0.8697504997253418,
      -0.1743280589580536,
      0.02560044452548027,
      0.4609648287296295
    ],
    "L_Hand_PinkyF_2": [
      0.9692146182060242,
      0.00803691241890192,
      0.03192426264286041,
      0.24400675296783447
    ],
    "L_Hand_RingF_3": [
      0.9915029406547546,
      0.002190370112657547,
      -0.02423974871635437,
      0.12778744101524353
    ],
    "R_Hand_IndexF_2": [
      0.9445891976356506,
      0.014183561317622662,
      0.041244786232709885,
      0.3253447115421295
    ],
    "L_Hand_MiddleF_1": [
      0.9962822794914246,
      0.0855763852596283,
      0.006062133237719536,
      -0.007844964042305946
    ],
    "L_Hand_MiddleF_2": [
      0.9331223368644714,
      1.186434133160219e-07,
      5.809918661725533e-07,
      0.3595590591430664
    ],
    "L_Hand_RingF_1": [
      0.9853480458259583,
      0.10589408129453659,
      -0.13106666505336761,
      -0.026402216404676437
    ],
    "R_Hand_MiddleF_2": [
      0.9331223368644714,
      7.96153017290635e-07,
      5.051625748819788e-07,
      0.3595590591430664
    ],
    "L_Hand_MiddleF_3": [
      0.9832548499107361,
      1.0167253776671714e-06,
      6.038478090886201e-07,
      0.18223589658737183
    ],
    "L_Hand_Palm": [
      0.9981783628463745,
      0.017986532300710678,
      0.04263594374060631,
      0.038709528744220734
    ],
    "L_Hand_ThumbF_1": [
      0.9961946606636047,
      -3.1478703022003174e-06,
      -1.0058283805847168e-07,
      0.08715733885765076
    ],
    "L_Hand_PinkyF_1": [
      0.9047458171844482,
      0.24169398844242096,
      -0.3116622567176819,
      0.16089043021202087
    ],
    "R_Arm_Hand": [
      0.9941107034683228,
      -0.1083693578839302,
      9.096768849303771e-08,
      1.4545965143497597e-07
    ],
    "L_Arm_Hand": [
      0.9941107630729675,
      -0.10836879909038544,
      1.0373853598366622e-07,
      -5.25238135651307e-07
    ],
    "L_Hand_IndexF_1": [
      0.9783029556274414,
      -0.09445169568061829,
      0.18438705801963806,
      -0.0018768291920423508
    ],
    "R_Hand_RingF_3": [
      0.9915029406547546,
      0.0021901438012719154,
      -0.024239830672740936,
      0.12778790295124054
    ]
  }
}