{
  "type": "pose_relative_transform",
  "version": "2.0",
  "source_a": "Root",
  "source_b": "Root.002",
  "description": "Root -> Root.001",
  "bone_count": 10,
  "transforms": {
    "Bip001_R_Finger2": [
      0.9993909001350403,
      0.0010365548077970743,
      -0.00024365486751776189,
      -0.03488299623131752
    ],
    "Bip001_R_UpperArm": [
      0.9114031791687012,
      0.4111368656158447,
      0.0161149762570858,
      0.0071331593208014965
    ],
    "Bip001_R_Finger1": [
      0.9993908405303955,
      0.0010366702917963266,
      -0.00024390360340476036,
      -0.034884072840213776
    ],
    "Bip001_R_Finger3": [
      0.9993909001350403,
      0.0010365478228777647,
      -0.00024340907111763954,
      -0.03488351032137871
    ],
    "Bip001_L_Finger1": [
      0.9993909597396851,
      -0.0010365832131356,
      0.00024359533563256264,
      -0.034882716834545135
    ],
    "Bip001_R_Finger4": [
      0.9993909001350403,
      0.0010365410707890987,
      -0.00024325959384441376,
      -0.034882936626672745
    ],
    "Bip001_L_Finger3": [
      0.9993908405303955,
      -0.0010367266368120909,
      0.0002440260723233223,
      -0.034884046763181686
    ],
    "Bip001_L_Finger2": [
      0.9993907809257507,
      -0.0010366286151111126,
      0.00024399973335675895,
      -0.03488334268331528
    ],
    "Bip001_L_Finger4": [
      0.9993907809257507,
      -0.0010366140631958842,
      0.00024445168673992157,
      -0.03488299623131752
    ],
    "Bip001_L_UpperArm": [
      0.9114034175872803,
      -0.4111366868019104,
      -0.016116246581077576,
      0.0071298182010650635
    ]
  }
}