{
  "type": "pose_relative_transform",
  "version": "2.0",
  "source_a": "208523381361086845_skeleton",
  "source_b": "208523381361086845_skeleton.001",
  "description": "208523381361086845_rig -> 208523381361086845_rig.001",
  "bone_count": 28,
  "transforms": {
    "l_elbow": [
      0.9396925568580627,
      0.017301341518759727,
      0.007398552726954222,
      0.34150218963623047
    ],
    "r_shoulder_culling": [
      0.9588198065757751,
      -2.2212043404579163e-07,
      -0.28401538729667664,
      1.0477378964424133e-09
    ],
    "r_hand": [
      0.9914448857307434,
      -0.005741812754422426,
      -0.12905007600784302,
      0.018713664263486862
    ],
    "r_ring_finger2": [
      0.9890158176422119,
      0.0007069804705679417,
      -0.14779214560985565,
      0.0021444857120513916
    ],
    "l_foot": [
      0.9975639581680298,
      -0.014201417565345764,
      0.06766156852245331,
      0.009281948208808899
    ],
    "l_ring_finger2": [
      0.9890158176422119,
      -2.6463530957698822e-05,
      -0.14595265686511993,
      -0.023357709869742393
    ],
    "r_pinky_finger1": [
      0.9866066575050354,
      0.024070879444479942,
      -0.13811691105365753,
      0.08337608724832535
    ],
    "l_pinky_finger1": [
      0.9942284226417542,
      -0.032240964472293854,
      -0.0017277318984270096,
      -0.10231003165245056
    ],
    "l_index_finger2": [
      0.9848076701164246,
      0.05646725744009018,
      -0.1613040417432785,
      0.03075890801846981
    ],
    "r_thigh": [
      -0.9977872967720032,
      -0.008663997054100037,
      -0.06341007351875305,
      0.018010146915912628
    ],
    "r_ring_finger1": [
      0.9961567521095276,
      -0.007171498145908117,
      -0.08717840909957886,
      0.004494913388043642
    ],
    "l_thigh": [
      -0.997787356376648,
      0.011388100683689117,
      0.06550253927707672,
      -2.2351741790771484e-08
    ],
    "l_shoulder": [
      0.9588196277618408,
      -0.13082073628902435,
      -0.25201845169067383,
      0.006137178745120764
    ],
    "r_elbow": [
      0.939692497253418,
      -0.01836382783949375,
      0.01061779260635376,
      -0.3413620591163635
    ],
    "l_pinky_finger2": [
      0.986665666103363,
      -0.02904524654150009,
      -0.16012269258499146,
      0.0028143413364887238
    ],
    "r_middle_finger1": [
      0.9943392276763916,
      -0.027158532291650772,
      -0.09308069199323654,
      -0.04345070943236351
    ],
    "l_hand": [
      0.9914448857307434,
      0.00574290007352829,
      -0.1303991824388504,
      0.0003920253657270223
    ],
    "l_middle_finger1": [
      0.9960606694221497,
      0.02247391827404499,
      -0.0762195736169815,
      0.03935347497463226
    ],
    "l_middle_finger2": [
      0.9910678863525391,
      0.03758534789085388,
      -0.12771554291248322,
      0.007785839959979057
    ],
    "l_hand_twist": [
      0.9914448857307434,
      0.00574290007352829,
      -0.1303991824388504,
      0.0003920253657270223
    ],
    "r_index_finger2": [
      0.9848078489303589,
      -0.056820038706064224,
      -0.15935371816158295,
      -0.039134226739406586
    ],
    "r_middle_finger2": [
      0.9890158772468567,
      -0.016954269260168076,
      -0.14677295088768005,
      0.004225339274853468
    ],
    "r_shoulder": [
      0.9588198065757751,
      0.1308198869228363,
      -0.25201839208602905,
      -0.0061340611428022385
    ],
    "l_ring_finger1": [
      0.9961567521095276,
      0.007171689532697201,
      -0.08689531683921814,
      0.008323153480887413
    ],
    "r_foot": [
      0.9975639581680298,
      0.011750370264053345,
      -0.06806010007858276,
      0.009783640503883362
    ],
    "r_index_finger1": [
      0.991601288318634,
      -0.043562933802604675,
      -0.05742286145687103,
      -0.1073850691318512
    ],
    "l_index_finger1": [
      0.9916014075279236,
      0.04355977475643158,
      -0.0410735085606575,
      0.1146390289068222
    ],
    "r_hand_twist": [
      0.9914448261260986,
      -0.005741637200117111,
      -0.12905007600784302,
      0.018713681027293205
    ]
  }
}