{
  "type": "pose_relative_transform",
  "version": "2.0",
  "source_a": "5556372446766824087_skeleton",
  "source_b": "5556372446766824087_skeleton.006",
  "description": "5556372446766824087_rig -> 5556372446766824087_rig.004",
  "bone_count": 28,
  "transforms": {
    "l_index_finger1": [
      0.9979551434516907,
      0.020968370139598846,
      -0.042974699288606644,
      0.04242024943232536
    ],
    "r_middle_finger1": [
      0.9956347346305847,
      -0.017897259443998337,
      -0.08992642909288406,
      -0.017444105818867683
    ],
    "r_thigh": [
      -0.9977872967720032,
      -0.00866398960351944,
      -0.06341007351875305,
      0.018010176718235016
    ],
    "l_middle_finger1": [
      0.9967051148414612,
      0.016025232151150703,
      -0.07670619338750839,
      0.02093753032386303
    ],
    "l_middle_finger2": [
      0.9910678863525391,
      0.03758510202169418,
      -0.12771473824977875,
      0.007785790599882603
    ],
    "r_shoulder": [
      0.9170600175857544,
      -0.18366730213165283,
      0.35382622480392456,
      0.00861269235610962
    ],
    "r_elbow": [
      0.9316533207893372,
      -0.05666821449995041,
      0.13511613011360168,
      -0.33249741792678833
    ],
    "l_pinky_finger2": [
      0.9866657853126526,
      -0.029044751077890396,
      -0.16012296080589294,
      0.0028151990845799446
    ],
    "l_ring_finger2": [
      0.9890154004096985,
      -2.681184560060501e-05,
      -0.14595507085323334,
      -0.023357931524515152
    ],
    "l_thigh": [
      -0.997787356376648,
      0.011388041079044342,
      0.06550253927707672,
      -1.4901161193847656e-08
    ],
    "r_index_finger1": [
      0.9988504648208618,
      -0.013044258579611778,
      -0.04539291560649872,
      -0.008193504065275192
    ],
    "l_hand_twist": [
      0.9914448261260986,
      0.005742718931287527,
      -0.1303994208574295,
      0.0003922879695892334
    ],
    "l_shoulder": [
      0.9170608520507812,
      0.1836666613817215,
      0.3538244962692261,
      -0.008615627884864807
    ],
    "l_pinky_finger1": [
      0.9994866251945496,
      0.003492109477519989,
      -0.000450916588306427,
      0.0318441279232502
    ],
    "r_hand": [
      0.9914448857307434,
      -0.005742251873016357,
      -0.129050150513649,
      0.01871277019381523
    ],
    "l_ring_finger1": [
      0.9911286234855652,
      0.03843773156404495,
      -0.08479317277669907,
      0.0948525220155716
    ],
    "l_thumb_finger1": [
      0.9972841739654541,
      -0.018914181739091873,
      -0.0010354220867156982,
      -0.071170374751091
    ],
    "r_pinky_finger1": [
      0.9871768951416016,
      -0.026484936475753784,
      -0.15355265140533447,
      -0.03466581925749779
    ],
    "r_ring_finger1": [
      0.993813157081604,
      -0.02731911465525627,
      -0.09424341470003128,
      -0.05203181132674217
    ],
    "l_hand": [
      0.9914448261260986,
      0.005742720328271389,
      -0.1303994208574295,
      0.0003922879695892334
    ],
    "l_elbow": [
      0.9320664405822754,
      0.05562206730246544,
      0.13193033635616302,
      0.33279526233673096
    ],
    "r_index_finger2": [
      0.9848076701164246,
      -0.05682044476270676,
      -0.15935364365577698,
      -0.039135292172431946
    ],
    "r_foot": [
      0.9975641369819641,
      0.011750124394893646,
      -0.06806027889251709,
      0.00978262722492218
    ],
    "r_ring_finger2": [
      0.9890158772468567,
      0.0007073856540955603,
      -0.14779232442378998,
      0.002144882921129465
    ],
    "l_foot": [
      0.9975643157958984,
      -0.014201343059539795,
      0.0676613450050354,
      0.009281560778617859
    ],
    "r_middle_finger2": [
      0.9890158176422119,
      -0.01695430278778076,
      -0.1467730700969696,
      0.004226007033139467
    ],
    "r_hand_twist": [
      0.9914448857307434,
      -0.005741727538406849,
      -0.1290501207113266,
      0.018713053315877914
    ],
    "l_index_finger2": [
      0.9848079085350037,
      0.05646713078022003,
      -0.1613025963306427,
      0.030758380889892578
    ]
  }
}